sim_time,vehicle_id,x,y,speed,acceleration,is_malicious
10.9,car0,112.37822090848427,-1.6,15.524102938536743,0.03144486583767758,0
10.9,veh_0_4246,41.060415723699506,-1.6,12.03504614060595,1.3269724264973703,0
10.9,veh_0_4971,88.65895357932266,-1.6,15.481320406967498,-0.6865501151885667,0
10.9,veh_0_7980,63.14018891039593,-1.6,14.686580365847625,-0.11215700830799591,0
10.9,veh_1_1020,23.76927246661655,-1.6,9.183216120502468,2.2226696161320447,0
10.9,veh_1_6160,11.48110363435854,-1.6,5.76941996574762,1.5385287843178919,0
